# 1-Name,2-Residue-index,3-Position,4-Atom-Index,5-Atom-type,6-X,7-Y,8-Z,9-PKA,10-SASA,11-Charge,12-dG_Energy,13-Total_dG=-21.57948725476233
N_T,1,1,1,N,48.782,-30.813,15.156,7.7,0.68677497,0,-0.6023775895105868
GLU,3,2,25,OE2,44.829998,-34.548,5.9750004,4.5,0.66258055,-1,-3.0634834955868824
LYS,5,3,38,NZ,36.498,-34.336,1.649,10.6,0.612067,0,-2.5434567230220146
LYS,7,4,54,NZ,27.523,-33.759,9.589,10.6,0.57687926,0,-7.673140576151093
GLU,12,5,102,OE2,24.018,-13.751,4.665,4.5,0.6717902,-1,0.24992045890566583
GLU,19,6,155,OE2,32.607998,-33.258,5.54,4.5,0.63203,-1,-0.3106898955033359
GLU,21,7,171,OE2,37.285,-42.924,6.7790003,4.5,0.6590803,-1,0.19520967588187182
ASP,24,8,197,OD2,31.558,-37.319,19.421001,4.0,0.6651249,-1,0.7926851038770704
ASP,25,9,205,OD2,29.568,-33.178,11.443,4.0,0.6098364,-1,-2.5343198618569245
HIS,29,10,240,NE2,31.555,-16.588,17.552,6.3,0.60591793,0,0.02829308165890715
GLU,36,11,292,OE2,47.743,-11.907001,4.9639997,4.5,0.658519,-1,-0.2831254326854894
LYS,39,12,316,NZ,41.679,-12.971,12.153999,10.6,0.61040413,0,-0.13193455575463892
GLU,42,13,343,OE2,31.568,-18.777,1.471,4.5,0.6656424,-1,0.19378552283252176
GLU,43,14,353,OE2,28.438,-28.081999,1.505,4.5,0.6460406,-1,0.8598637422976478
LYS,46,15,375,NZ,42.812,-33.237,0.752,10.6,0.6322005,0,-1.1550127869705251
ARG,48,16,393,NH2,48.221,-32.631,9.705,12.0,0.61780536,0,-0.9021571630549164
GLU,50,17,413,OE2,47.528,-26.961,19.173,4.5,0.62167305,-1,-1.5173702996961052
GLU,53,18,437,OE2,35.065,-32.127,27.221,4.5,0.6353814,-1,0.3218218830669164
ARG,56,19,460,NH2,29.356998,-20.39,24.788,12.0,0.6238414,0,-0.2440645755491937
LYS,65,20,521,NZ,39.648,-18.094,4.529,10.6,0.61342794,0,-2.00898660799565
GLU,66,21,530,OE2,43.538,-22.714,1.967,4.5,0.73242164,-1,-1.2509471599455793
