# 1-Name,2-Residue-index,3-Position,4-Atom-Index,5-Atom-type,6-X,7-Y,8-Z,9-PKA,10-SASA,11-Charge,12-dG_Energy,13-Total_dG=-8.394173348008087
ARG,1,1,11,NH2,23.721,24.373,-6.467,12.0,0.6265192,0,-0.8414399232048091
ASP,3,2,26,OD2,30.806,21.501,3.4310002,4.0,0.6553248,-1,-0.9109004895001369
GLU,7,3,60,OE2,21.085999,19.404,6.7790003,4.5,0.5790187,-1,-4.121440166768015
LYS,15,4,119,NZ,7.3570004,8.291,13.953,10.6,0.61050117,0,0.7482555534613802
ARG,17,5,135,NH2,-2.2020001,15.647,12.795,12.0,0.6235383,0,0.4827996864586969
ARG,20,6,162,NH2,9.049999,24.893,11.17,12.0,0.5741492,0,2.83647663056126
LYS,26,7,219,NZ,21.821001,11.437,-4.681,10.6,0.6176764,0,0.30196793611583067
ARG,39,8,313,NH2,14.93,17.321,22.753,12.0,0.59390944,0,0.8842696361767219
LYS,41,9,327,NZ,20.985,14.137,10.021,10.6,0.5960673,0,-0.444804306394208
ARG,42,10,338,NH2,22.472,28.633999,9.297,12.0,0.61375004,0,0.16921534903407284
LYS,46,11,374,NZ,9.826,29.728,11.231001,10.6,0.61580044,0,2.266845873585071
GLU,49,12,394,OE2,8.368,30.637,-1.865,4.5,0.599007,-1,-1.5967343359520896
ASP,50,13,402,OD2,12.096,31.598,4.2469997,4.0,0.6183948,-1,-4.342469075139899
ARG,53,14,427,NH2,13.26,34.543,0.65999997,12.0,0.5670275,0,-2.703181330923169
C_T,58,15,454,OXT,24.918999,29.594,-9.172,3.6,0.8096946,-1,-1.1230343855187925
