# 1-Name,2-Residue-index,3-Position,4-Atom-Index,5-Atom-type,6-X,7-Y,8-Z,9-PKA,10-SASA,11-Charge,12-dG_Energy,13-Total_dG=-0.012623347063234086
N_T,1,1,1,N,-1.4920001,19.511,26.826,7.7,0.7167201,0,-0.0037761135117310002
ASP,2,2,29,OD2,-5.7599998,24.544,25.775002,4.0,0.67435116,-1,-0.0026158305180472275
ASP,8,3,112,OD2,-5.481,36.321,28.66,4.0,0.6754236,-1,-0.00045706295208716014
ASP,9,4,124,OD2,1.599,41.525,30.746,4.0,0.60968,-1,0.0002855870561380027
GLU,18,5,245,OE2,12.080999,28.005,33.707,4.5,0.68757963,-1,0.00020557353041291356
GLU,25,6,342,OE2,-0.031000001,16.856,29.338,4.5,0.63657373,-1,-0.0018470573516324834
LYS,26,7,357,NZ,-5.959,17.761,21.436,10.6,0.71268284,0,-0.00161941135631061
LYS,30,8,438,NZ,-6.825,28.052002,23.929,10.6,0.6922185,0,-0.002754839835423059
HIS,37,9,552,NE2,3.236,35.857002,19.674,6.3,0.5566434,0,-0.0010872848866199788
ASP,42,10,636,OD2,19.361,25.643002,20.879,4.0,0.6074161,-1,0.002402092480796514
GLU,43,11,649,OE2,21.635,22.093,13.456,4.5,0.6877782,-1,0.0018240892240133464
ASP,44,12,663,OD2,23.148998,23.476,17.626999,4.0,0.6662372,-1,0.0022218541751236553
ASP,51,13,764,OD2,13.514,13.625,11.036,4.0,0.59811854,-1,2.1948192444116158e-05
LYS,54,14,802,NZ,10.15,9.606,13.326,10.6,0.7136739,0,-0.001963353427721916
GLU,59,15,899,OE2,16.263,29.433,13.653999,4.5,0.6574413,-1,0.0017966610610024782
GLU,60,16,914,OE2,14.278001,29.377,7.097,4.5,0.64308167,-1,0.0019212046966943217
ASP,61,17,935,OD2,7.495,25.49,8.859,4.0,0.57903403,-1,0.0023385942093550036
LYS,66,18,1027,NZ,-6.254,36.022,21.72,10.6,0.67921317,0,-0.0009092543512449515
GLU,68,19,1068,OE2,-1.9230001,31.973,11.399,4.5,0.59112597,-1,0.0005850067410183321
GLU,71,20,1125,OE2,-3.657,22.04,16.05,4.5,0.65160227,-1,-4.205934501884723e-05
LYS,77,21,1222,NZ,9.816,6.9040003,29.456001,10.6,0.7109937,0,-0.0013546909388112212
GLU,79,22,1251,OE2,15.719,19.902,32.118,4.5,0.6680036,-1,-0.0014543168471292966
HIS,87,23,1375,NE2,7.709,38.881,17.542,6.3,0.5849282,0,-0.0005117517477123791
LYS,95,24,1472,NZ,15.826,23.25,31.94,10.6,0.69376516,0,-0.005466385664290835
C_T,99,25,1540,OXT,8.932,10.327,32.908,3.6,0.7455051,-1,-0.0003665456964518044
