# 1-Name,2-Residue-index,3-Position,4-Atom-Index,5-Atom-type,6-X,7-Y,8-Z,9-PKA,10-SASA,11-Charge,12-dG_Energy,13-Total_dG=-12.086102782858067
N_T,1,1,1,N,-1.4920001,19.511,26.826,7.7,0.7167201,0,-3.758324503069374
ASP,2,2,29,OD2,-5.7599998,24.544,25.775002,4.0,0.67435116,-1,-2.6537695459667763
ASP,8,3,112,OD2,-5.481,36.321,28.66,4.0,0.6754236,-1,-0.5073406211480155
ASP,9,4,124,OD2,1.599,41.525,30.746,4.0,0.60968,-1,0.2501770242351418
GLU,18,5,245,OE2,12.080999,28.005,33.707,4.5,0.68757963,-1,0.20896565359793817
GLU,25,6,342,OE2,-0.031000001,16.856,29.338,4.5,0.63657373,-1,-1.855015125770283
LYS,26,7,357,NZ,-5.959,17.761,21.436,10.6,0.71268284,0,-1.6067972230503875
LYS,30,8,438,NZ,-6.825,28.052002,23.929,10.6,0.6922185,0,-2.6994489598629845
HIS,37,9,552,NE2,3.236,35.857002,19.674,6.3,0.5566434,0,-1.439229851418918
ASP,42,10,636,OD2,19.361,25.643002,20.879,4.0,0.6074161,-1,2.7858120520739744
GLU,43,11,649,OE2,21.635,22.093,13.456,4.5,0.6877782,-1,2.4312107045871456
ASP,44,12,663,OD2,23.148998,23.476,17.626999,4.0,0.6662372,-1,2.4279601646879354
ASP,51,13,764,OD2,13.514,13.625,11.036,4.0,0.59811854,-1,0.07230099374558369
LYS,54,14,802,NZ,10.15,9.606,13.326,10.6,0.7136739,0,-1.9809178613777678
GLU,59,15,899,OE2,16.263,29.433,13.653999,4.5,0.6574413,-1,1.22186037658745
GLU,60,16,914,OE2,14.278001,29.377,7.097,4.5,0.64308167,-1,1.943693357067685
ASP,61,17,935,OD2,7.495,25.49,8.859,4.0,0.57903403,-1,2.395216442522949
LYS,66,18,1027,NZ,-6.254,36.022,21.72,10.6,0.67921317,0,-0.8094841265298829
GLU,68,19,1068,OE2,-1.9230001,31.973,11.399,4.5,0.59112597,-1,0.5033177248204821
GLU,71,20,1125,OE2,-3.657,22.04,16.05,4.5,0.65160227,-1,-0.07157941862268744
LYS,77,21,1222,NZ,9.816,6.9040003,29.456001,10.6,0.7109937,0,-1.360135044351441
GLU,79,22,1251,OE2,15.719,19.902,32.118,4.5,0.6680036,-1,-1.4211900343398667
HIS,87,23,1375,NE2,7.709,38.881,17.542,6.3,0.5849282,0,-0.2952970063606344
LYS,95,24,1472,NZ,15.826,23.25,31.94,10.6,0.69376516,0,-5.506433468981516
C_T,99,25,1540,OXT,8.932,10.327,32.908,3.6,0.7455051,-1,-0.36165448593381716
