# 1-Name,2-Residue-index,3-Position,4-Atom-Index,5-Atom-type,6-X,7-Y,8-Z,9-PKA,10-SASA,11-Charge,12-dG_Energy,13-Total_dG=-35.13269422903175
LYS,6,1,9,NZ,22.18,20.797,4.905,10.6,0.66651577,0,-0.987457145413901
GLU,7,2,18,OE2,10.980999,17.244,5.682,4.5,0.63059884,-1,-3.3377502909991152
ASP,14,3,74,OD2,16.994,21.428001,29.09,4.0,0.6634543,-1,-0.9303067635837625
GLU,17,4,104,OE2,26.924,13.504,22.894001,4.5,0.5605302,-1,-4.310813839691933
LYS,18,5,113,NZ,18.24,11.648001,28.483,10.6,0.6168261,0,-1.490487564385832
ARG,21,6,137,NH2,20.473999,3.4290001,19.505001,12.0,0.6096009,0,-1.8688334248231144
GLU,22,7,146,OE2,20.379,7.698,22.321999,4.5,0.59754246,-1,-2.5262737959220716
LYS,26,8,177,NZ,20.43,27.1,26.268002,10.6,0.58946824,0,-1.8511567984593544
LYS,27,9,186,NZ,8.912,23.571,26.435001,10.6,0.6044807,0,-0.3978668327497466
ASP,29,10,198,OD2,19.789999,23.416,20.753,4.0,0.63307726,-1,-0.5526764453207832
LYS,39,11,275,NZ,8.13,2.3379998,16.692999,10.6,0.5750429,0,-3.315644477714836
ASP,40,12,283,OD2,10.601999,3.711,17.372,4.0,0.6129317,-1,-3.939305567480884
LYS,43,13,320,NZ,24.863998,11.162,10.110001,10.6,0.59289354,0,-0.6425801043181721
GLU,45,14,336,OE2,26.084002,20.0,10.104,4.5,0.6396848,-1,-0.9306440107155373
ASP,48,15,359,OD2,29.25,21.970001,17.626999,4.0,0.59467846,-1,0.3818336011391041
ARG,49,16,370,NH2,28.197998,14.358,20.522999,12.0,0.587214,0,-6.094358684069586
LYS,59,17,446,NZ,4.908,22.130001,13.121,10.6,0.5745547,0,0.11852828775507802
LYS,60,18,455,NZ,8.859,15.113,8.026999,10.6,0.5951608,0,-2.3615041329850666
ASP,62,19,471,OD2,4.953,21.947,4.671,4.0,0.8231924,-1,-0.0953962392922276
