# 1-Name,2-Residue-index,3-Position,4-Atom-Index,5-Atom-type,6-X,7-Y,8-Z,9-PKA,10-SASA,11-Charge,12-dG_Energy,13-Total_dG=-0.8619407111681888
N_T,41,1,1,N,1.177,-10.035,-3.493,7.7,0.8097297,0,0.11105880383903945
ASP,44,2,57,OD2,-10.563999,-6.485,0.319,4.0,0.65651387,-1,-0.9716151505686891
GLU,45,3,70,OE2,-10.176001,-12.792,5.7279997,4.5,0.65289533,-1,0.1524851732349792
ASP,46,4,84,OD2,-0.696,-11.315001,4.213,4.0,0.64153504,-1,-0.1185047493308029
LYS,48,5,117,NZ,-11.33,-5.058,8.661,10.6,0.7083912,0,-0.6373929184292102
ARG,55,6,225,NH2,-3.874,-4.606,-3.63,12.0,0.5915161,0,0.08625124872698159
LYS,65,7,388,NZ,4.521,8.535,6.129,10.6,0.50495154,0,0.06005462786152473
LYS,70,8,477,NZ,4.779,0.192,-3.3700001,10.6,0.57385963,0,1.7399355983998934
LYS,71,9,499,NZ,11.379,0.55300003,-1.356,10.6,0.674978,0,1.1022708789664688
GLU,72,10,521,OE2,8.416,4.593,8.625,4.5,0.6294068,-1,-2.3512973326074733
LYS,73,11,536,NZ,2.184,0.683,10.341999,10.6,0.6028786,0,0.029024195723946808
C_T,76,12,587,OXT,4.671,-10.34,3.131,3.6,0.85031116,-1,-0.06421108698484719
