# 1-Name,2-Residue-index,3-Position,4-Atom-Index,5-Atom-type,6-X,7-Y,8-Z,9-PKA,10-SASA,11-Charge,12-dG_Energy,13-Total_dG=-49.330698519683835
N_T,20,1,1,N,-11.378,5.238,0.755,7.7,0.6372606,0,-0.010618980605215777
LYS,21,2,17,NZ,-13.807,15.377001,1.628,10.6,0.5468883,0,-7.847457615319805
GLU,23,3,37,OE2,-4.5109997,15.514999,-2.6469998,4.5,0.6281254,-1,-0.5369375933174934
GLU,26,4,68,OE2,-13.906,18.011,2.049,4.5,0.61361766,-1,-4.499125342262549
LYS,30,5,96,NZ,-16.373001,27.019001,5.9890003,10.6,0.58748055,0,-0.25342415169368154
LYS,36,6,132,NZ,-6.035,21.292,16.522,10.6,0.5786239,0,-0.34990055609296367
LYS,37,7,145,NZ,-19.017,17.414,13.087999,10.6,0.5998076,0,-0.12012372052647505
ASP,42,8,186,OD2,-14.264,13.697,5.288,4.0,0.6376142,-1,-2.8201087454711686
LYS,43,9,195,NZ,-5.973,8.333,8.672,10.6,0.5351892,0,-1.4268613109067252
GLU,45,10,211,OE2,-9.169,4.357,16.589,4.5,0.6086228,-1,-0.7513201217610658
GLU,60,11,317,OE2,7.098,12.673,7.6819997,4.5,0.5697621,-1,-8.294596504443875
ARG,62,12,340,NH2,2.559,10.656,13.234,12.0,0.59304774,0,-3.5092856300256403
ASP,64,13,356,OD2,-0.023,9.387,12.6779995,4.0,0.6087772,-1,-6.110364868614598
ARG,65,14,367,NH2,4.435,12.553,7.621,12.0,0.55775577,0,-5.662122337902536
ARG,67,15,385,NH2,5.868,15.624,7.6499996,12.0,0.5975282,0,-1.408135494272904
ASP,71,16,419,OD2,-4.107,32.482,5.061,4.0,0.5915649,-1,0.01746692130159546
ASP,74,17,441,OD2,-4.9509997,29.872,14.348001,4.0,0.6519648,-1,-0.5691127496604463
C_T,83,18,502,OXT,2.698,11.658,5.866,3.6,0.70959216,-1,-5.178669718108284
