# 1-Name,2-Residue-index,3-Position,4-Atom-Index,5-Atom-type,6-X,7-Y,8-Z,9-PKA,10-SASA,11-Charge,12-dG_Energy,13-Total_dG=-42.52488025469446
N_T,1,1,1,N,27.34,24.43,2.614,7.7,0.6397833,0,-4.373006595573675
LYS,6,2,52,NZ,22.375,40.72,14.907,10.6,0.615013,0,0.774049166072178
LYS,11,3,87,NZ,35.1,40.072998,9.101,10.6,0.6008624,0,-2.4678649323068433
GLU,16,4,126,OE2,32.835,27.861,0.278,4.5,0.64828825,-1,-1.4334974661200863
GLU,18,5,142,OE2,29.335999,20.423,1.904,4.5,0.6065845,-1,-1.0970610323936854
ASP,21,6,163,OD2,31.838,21.401999,7.9680004,4.0,0.6224498,-1,-1.1710601828199194
GLU,24,7,187,OE2,37.628,18.598999,19.313,4.5,0.648328,-1,0.3436441753866961
LYS,27,8,211,NZ,33.455,25.91,21.546,10.6,0.5845931,0,-3.624379012193905
LYS,29,9,225,NZ,34.914,24.944,6.441,10.6,0.5789,0,-4.679581692733934
ASP,32,10,250,OD2,42.43,28.812,7.728,4.0,0.66710925,-1,-0.9021921480135946
LYS,33,11,259,NZ,35.768,33.945,5.4890003,10.6,0.60642254,0,-1.7725447107711299
GLU,34,12,268,OE2,36.861,37.32,9.8220005,4.5,0.6444359,-1,-5.8870284786813265
ASP,39,13,302,OD2,40.549004,28.09,26.84,4.0,0.667136,-1,-3.0677711397450733
ARG,42,14,331,NH2,25.810001,32.299,26.731998,12.0,0.6082284,0,1.3261326507318607
LYS,48,15,376,NZ,17.439999,24.655,20.827,10.6,0.5941365,0,0.04623426193964372
GLU,51,16,402,OE2,27.777,19.842,25.367,4.5,0.6250591,-1,-1.839619457790101
ASP,52,17,410,OD2,33.544,23.085999,20.883,4.0,0.6714806,-1,-4.072450616033125
ARG,54,18,425,NH2,28.519001,13.967,21.55,12.0,0.6154603,0,-3.0581022781496294
ASP,58,19,454,OD2,23.571999,15.107,15.974999,4.0,0.6621742,-1,-0.8175909159044601
LYS,63,20,500,NZ,17.884,26.544,1.075,10.6,0.6115661,0,-1.557324961794327
GLU,64,21,509,OE2,21.954,30.151999,1.5350001,4.5,0.64283955,-1,-2.528688445670282
HIS,68,22,540,NE2,22.045,35.455,17.173,6.3,0.62740046,0,0.002904230564244766
ARG,72,23,574,NH2,34.014,28.657,25.457,12.0,0.5787152,0,0.39899003038652653
ARG,74,24,593,NH2,45.476997,29.726,29.763,12.0,0.64416397,0,-1.044708384098622
C_T,76,25,602,OXT,40.862003,39.575,36.251,3.6,0.89148855,-1,-0.02236231898189091
