# 1-Name,2-Residue-index,3-Position,4-Atom-Index,5-Atom-type,6-X,7-Y,8-Z,9-PKA,10-SASA,11-Charge,12-dG_Energy,13-Total_dG=-0.015272127393390317
N_T,1,1,1,N,12.099,-1.267,-22.393,7.7,0.7290463,0,0.00016132223144853467
GLU,2,2,16,OE2,18.626,-2.231,-21.329998,4.5,0.64886045,-1,0.00018812097353832275
GLU,6,3,46,OE2,7.488,10.6449995,-14.622999,4.5,0.60992146,-1,7.900495739163688e-05
LYS,8,4,63,NZ,11.224001,1.979,-8.559,10.6,0.6190738,0,-0.0006097855377473152
GLU,12,5,96,OE2,0.344,-11.084,-6.5670004,4.5,0.6064096,-1,-0.004525690373787875
LYS,16,6,123,NZ,-1.249,-11.915999,-3.856,10.6,0.5870873,0,-0.004408005589731935
ASP,19,7,145,OD2,-8.662,-9.019,4.2269998,4.0,0.63340336,-1,-0.00017962651839722888
ARG,22,8,170,NH2,-1.972,-0.65800005,6.081,12.0,0.5938465,0,-0.0006556662617350738
GLU,23,9,179,OE2,-1.497,-8.606,7.216,4.5,0.62074167,-1,-0.0007096219392859774
HIS,28,10,227,NE2,6.675,-12.536,-0.756,6.3,0.63487303,0,-7.71579187236121e-06
ASP,33,11,275,OD2,7.374,5.19,4.656,4.0,0.6757945,-1,-0.0027542168175553553
GLU,39,12,329,OE2,-14.982,4.533,-5.481,4.5,0.62177175,-1,-0.0024339536273000925
ASP,46,13,376,OD2,3.25,14.688,-8.349,4.0,0.6666773,-1,-0.0002635916310068625
ARG,48,14,395,NH2,7.59,13.164999,-0.232,12.0,0.6296464,0,0.0008003370323391131
ARG,51,15,426,NH2,3.512,11.124001,2.399,12.0,0.62208754,0,0.001304512624834063
ARG,53,16,444,NH2,-4.876,7.4370003,1.3959999,12.0,0.6264087,0,0.0009116977171873372
HIS,65,17,540,NE2,-11.483999,2.076,-7.149,6.3,0.57508874,0,-0.001605967782589673
HIS,68,18,564,NE2,-2.19,4.966,-9.281,6.3,0.6330197,0,-0.00013574878847188326
C_T,70,19,576,OXT,2.6679997,8.157,-8.311,3.6,0.8962487,-1,-0.00042753227064768905
