# 1-Name,2-Residue-index,3-Position,4-Atom-Index,5-Atom-type,6-X,7-Y,8-Z,9-PKA,10-SASA,11-Charge,12-dG_Energy,13-Total_dG=-25.158899146705306
LYS,1,1,9,NZ,-9.497,4.416,13.375,10.6,0.7765019,0,-1.6935944715933664
LYS,2,2,33,NZ,1.057,8.63,10.551,10.6,0.68930167,0,-3.364098513421218
GLU,8,3,121,OE2,15.54,5.1,6.994,4.5,0.7192594,-1,0.2868525471286777
ARG,11,4,174,NH2,17.261,-7.6200004,7.4119997,12.0,0.7124961,0,-1.105548673184548
ASP,15,5,236,OD2,10.015,-6.335,4.705,4.0,0.44832283,-1,-0.5524563787697263
HIS,17,6,269,NE2,2.7559998,-6.465,-3.5100002,6.3,0.4512702,0,-4.931319949342179
LYS,21,7,335,NZ,-1.733,-11.101,7.86,10.6,0.58810157,0,-1.8789410903250197
LYS,22,8,357,NZ,2.8270001,-6.602,13.000999,10.6,0.733054,0,-0.9788971570253017
GLU,23,9,379,OE2,1.12,1.471,9.28,4.5,0.5517311,-1,-0.756305533289951
GLU,28,10,456,OE2,-5.856,-15.452,10.327,4.5,0.71881914,-1,-0.5137084900235293
GLU,32,11,520,OE2,2.04,-12.632,-0.89,4.5,0.54334915,-1,-0.8877022624534447
ASP,35,12,567,OD2,-4.803,-8.5060005,-10.856,4.0,0.66134673,-1,1.0796337048852718
ASP,39,13,632,OD2,-11.695,-8.044001,-5.4379997,4.0,0.6289915,-1,1.2643115964520464
GLU,46,14,736,OE2,-11.524,1.036,10.347,4.5,0.68805146,-1,-0.7599617150321001
GLU,52,15,840,OE2,4.588,10.2439995,7.55,4.5,0.59356624,-1,-1.7851460456350812
ARG,54,16,881,NH2,10.035,9.816,9.132999,12.0,0.72494036,0,-2.7815237958361996
GLU,57,17,940,OE2,12.378,8.6119995,-7.4620004,4.5,0.67048043,-1,-0.1268007060166147
LYS,60,18,983,NZ,10.507,3.397,-10.1119995,10.6,0.6431421,0,-4.059627716437343
GLU,64,19,1055,OE2,14.674999,-4.73,-12.771,4.5,0.6730149,-1,0.18859634208327436
GLU,68,20,1101,OE2,5.9609995,2.047,-12.518,4.5,0.62000644,-1,-0.7164696122478067
ARG,75,21,1217,NH2,-1.0320001,10.79,-9.212,12.0,0.6421019,0,-1.4699118730465508
GLU,76,22,1239,OE2,-6.2860003,4.632,-12.546999,4.5,0.5519502,-1,0.5898243747818839
LYS,78,23,1264,NZ,-6.3529997,12.820999,-3.109,10.6,0.66070276,0,-1.6088490946081977
GLU,80,24,1296,OE2,-13.688001,1.764,-8.269,4.5,0.613269,-1,1.236649169649943
ASP,83,25,1328,OD2,-11.191,12.323999,1.2549999,4.0,0.6239564,-1,-0.6224397477092263
C_T,89,26,1429,OXT,9.859,11.3880005,0.735,3.6,0.91466093,-1,0.7885359443109992
