# 1-Name,2-Residue-index,3-Position,4-Atom-Index,5-Atom-type,6-X,7-Y,8-Z,9-PKA,10-SASA,11-Charge,12-dG_Energy,13-Total_dG=-30.352188898839444
N_T,1,1,1,N,12.969,18.506,30.954,7.7,0.62970436,0,-1.413471341316388
LYS,4,2,36,NZ,12.929,21.82,16.303001,10.6,0.5736909,0,-5.517468581940266
LYS,10,3,81,NZ,-0.453,10.379,2.316,10.6,0.616629,0,-0.8478107945808742
LYS,13,4,105,NZ,6.799,15.84,3.092,10.6,0.61591685,0,-0.7351216674502636
GLU,15,5,118,OE2,14.042,21.168999,13.563,4.5,0.60650367,-1,-3.990176900942535
GLU,19,6,148,OE2,10.05,22.86,27.207,4.5,0.60976696,-1,-1.1317630995926549
ASP,22,7,168,OD2,11.276999,8.347,31.89,4.0,0.62000966,-1,-0.9521265597834998
GLU,27,8,199,OE2,7.736,5.086,22.132,4.5,0.5941861,-1,-5.205572730003213
LYS,28,9,208,NZ,4.999,7.896,30.267,10.6,0.5945485,0,-1.9857155132550732
LYS,31,10,235,NZ,5.8240004,4.564,20.562,10.6,0.5584521,0,-7.590226412734971
ASP,36,11,277,OD2,-4.0099998,13.837,19.538,4.0,0.6480181,-1,0.22533223236593944
ASP,40,12,304,OD2,0.482,3.807,9.433001,4.0,0.6585854,-1,1.5665678158823286
GLU,42,13,317,OE2,9.407,1.308,8.469,4.5,0.6186955,-1,0.8557295753166948
ASP,46,14,358,OD2,21.44,11.623,17.521,4.0,0.6121088,-1,0.3364336921732568
ASP,47,15,366,OD2,20.477,9.453,26.364998,4.0,0.6178577,-1,-1.403106250738356
LYS,50,16,387,NZ,20.636002,13.874001,26.457,10.6,0.5636055,0,-3.384119401949609
GLU,56,17,435,OE2,1.737,8.791,7.6410003,4.5,0.7307131,-1,0.8204270397100382
