# 1-Name,2-Residue-index,3-Position,4-Atom-Index,5-Atom-type,6-X,7-Y,8-Z,9-PKA,10-SASA,11-Charge,12-dG_Energy,13-Total_dG=-21.60373014283613
N_T,1,1,1,N,48.782,-30.813,15.156,7.7,0.68677497,0,-0.6022288490387799
GLU,3,2,25,OE2,44.829998,-34.548,5.9750004,4.5,0.66258055,-1,-3.0659950219392575
LYS,5,3,38,NZ,36.498,-34.336,1.649,10.6,0.612067,0,-2.5571554626146376
LYS,7,4,54,NZ,27.523,-33.759,9.589,10.6,0.57687926,0,-7.698902545785898
GLU,12,5,102,OE2,24.018,-13.751,4.665,4.5,0.6717902,-1,0.25202421383971463
GLU,19,6,155,OE2,32.607998,-33.258,5.54,4.5,0.63203,-1,-0.30013146102456495
GLU,21,7,171,OE2,37.285,-42.924,6.7790003,4.5,0.6590803,-1,0.19800312930948732
ASP,24,8,197,OD2,31.558,-37.319,19.421001,4.0,0.6651249,-1,0.7984010919882073
ASP,25,9,205,OD2,29.568,-33.178,11.443,4.0,0.6098364,-1,-2.531893794757833
HIS,29,10,240,NE2,31.555,-16.588,17.552,6.3,0.60591793,0,0.02825497892146133
GLU,36,11,292,OE2,47.743,-11.907001,4.9639997,4.5,0.658519,-1,-0.28316542407211515
LYS,39,12,316,NZ,41.679,-12.971,12.153999,10.6,0.61040413,0,-0.13423939157442144
GLU,42,13,343,OE2,31.568,-18.777,1.471,4.5,0.6656424,-1,0.20033241108915567
GLU,43,14,353,OE2,28.438,-28.081999,1.505,4.5,0.6460406,-1,0.870495816340727
LYS,46,15,375,NZ,42.812,-33.237,0.752,10.6,0.6322005,0,-1.161690001963451
ARG,48,16,393,NH2,48.221,-32.631,9.705,12.0,0.61780536,0,-0.9109432543301155
GLU,50,17,413,OE2,47.528,-26.961,19.173,4.5,0.62167305,-1,-1.5147413415206614
GLU,53,18,437,OE2,35.065,-32.127,27.221,4.5,0.6353814,-1,0.3244777065730418
ARG,56,19,460,NH2,29.356998,-20.39,24.788,12.0,0.6238414,0,-0.24606828380843965
LYS,65,20,521,NZ,39.648,-18.094,4.529,10.6,0.61342794,0,-2.018137333519436
GLU,66,21,530,OE2,43.538,-22.714,1.967,4.5,0.73242164,-1,-1.2504273249483169
