# 1-Name,2-Residue-index,3-Position,4-Atom-Index,5-Atom-type,6-X,7-Y,8-Z,9-PKA,10-SASA,11-Charge,12-dG_Energy,13-Total_dG=-41.807875698064095
N_T,1,1,1,N,29.942,18.710999,12.691999,7.7,0.6697341,0,-2.4074386044348586
ASP,4,2,26,OD2,28.63,29.475998,12.799,4.0,0.60103434,-1,-1.8912801290513497
ASP,11,3,98,OD2,2.92,35.120003,18.268,4.0,0.562327,-1,-0.3779102338538216
LYS,40,4,297,NZ,22.762001,24.853,22.186,10.6,0.53432655,0,-0.43328518843476466
ARG,49,5,368,NH2,25.934,27.068998,7.381,12.0,0.5540408,0,-1.6977028227001256
ARG,73,6,560,NH2,19.184,39.681,8.29,12.0,0.5610582,0,-3.9779473042424653
GLU,78,7,598,OE2,9.3550005,32.742,9.25,4.5,0.545526,-1,-0.026099215245446936
ASP,83,8,644,OD2,13.93,15.962,8.691999,4.0,0.5637019,-1,-4.616915380562577
ARG,89,9,698,NH2,3.59,17.323,2.6399999,12.0,0.5552189,0,-4.706236814331028
LYS,95,10,744,NZ,4.751,28.468,-7.615,10.6,0.60186243,0,0.21678151665030276
LYS,99,11,771,NZ,9.109,9.839,-3.871,10.6,0.5634139,0,0.7538861302495913
ASP,101,12,785,OD2,17.831,15.116,3.1279998,4.0,0.51452607,-1,-5.499004445998242
ASP,106,13,820,OD2,3.1200001,16.744,0.219,4.0,0.5712,-1,-7.91639363538135
ARG,112,14,872,NH2,3.883,36.212,10.092,12.0,0.5788924,0,-2.2045878870220568
ASP,119,15,926,OD2,16.611,41.883003,6.99,4.0,0.6372083,-1,-2.7633569949784142
ASP,121,16,938,OD2,12.214001,47.057,8.690001,4.0,0.64602154,-1,0.2028224780411032
ARG,122,17,949,NH2,2.07,41.593,12.097,12.0,0.6262301,0,0.24845722669323345
ARG,132,18,1040,NH2,10.877,9.901999,5.719,12.0,0.55249316,0,1.1474781942455337
LYS,135,19,1064,NZ,2.388,14.563,13.919,10.6,0.53454864,0,0.17319315956103892
ARG,136,20,1075,NH2,16.636,12.105,7.337,12.0,0.53308094,0,-2.0987643099201825
HIS,149,21,1169,NE2,14.903001,18.309,1.768,6.3,0.5646275,0,-1.3959929298789093
LYS,154,22,1212,NZ,20.883999,27.441002,-10.867,10.6,0.5853618,0,0.3202356041790143
HIS,156,23,1228,NE2,9.319,21.259,-8.654,6.3,0.5776673,0,0.02310277553591977
GLU,172,24,1350,OE2,7.763,28.092999,11.747,4.5,0.546773,-1,0.678772360957005
C_T,185,25,1447,OXT,26.595,19.479,11.991,3.6,0.679109,-1,-3.559689248141237
